-- Clean existing data
DELETE FROM match_events;
DELETE FROM matches;
DELETE FROM rounds;
DELETE FROM stages;
DELETE FROM players;
DELETE FROM teams;
DELETE FROM sponsors;
DELETE FROM tournaments;
DELETE FROM categories;

-- Category
INSERT INTO categories (id, name, slug, min_age) VALUES
  ('a1000000-0000-0000-0000-000000000001', 'Veterano', 'veterano', 35);

-- Tournament
INSERT INTO tournaments (id, category_id, name, slug, year, semester, status, start_date, end_date, location) VALUES
  ('b1000000-0000-0000-0000-000000000001', 'a1000000-0000-0000-0000-000000000001', 'Interno Hipica 2026/1', 'interno-hipica-2026-1', 2026, 1, 'active', '2026-03-15', '2026-06-20', 'Hipica / Hospital Santa Tereza');

-- Sponsors (= teams in this championship)
INSERT INTO sponsors (id, name, logo_url) VALUES
  ('s1000000-0000-0000-0000-000000000001', 'Bait', '/logos/bait.png'),
  ('s1000000-0000-0000-0000-000000000002', 'Cassia Adala', '/logos/cassia-adala.png'),
  ('s1000000-0000-0000-0000-000000000003', 'Cepromm', '/logos/cepromm.png'),
  ('s1000000-0000-0000-0000-000000000004', 'Elofort', '/logos/elofort.png'),
  ('s1000000-0000-0000-0000-000000000005', 'Galleria Bank', '/logos/galleria-bank.png'),
  ('s1000000-0000-0000-0000-000000000006', 'Mana Poke', '/logos/mana-poke.png'),
  ('s1000000-0000-0000-0000-000000000007', 'M&M Contabil', '/logos/mm-contabil.png'),
  ('s1000000-0000-0000-0000-000000000008', 'Patagonia Capital', '/logos/patagonia-capital.png'),
  ('s1000000-0000-0000-0000-000000000009', 'Rak Logistics', '/logos/rak-logistics.png'),
  ('s1000000-0000-0000-0000-000000000010', 'Rede Castelo', '/logos/rede-castelo.png'),
  ('s1000000-0000-0000-0000-000000000011', 'Silveira Contabilidade', '/logos/silveira-contabilidade.png'),
  ('s1000000-0000-0000-0000-000000000012', 'WIT', '/logos/wit.png');

-- Teams: Group A (based on PDF matchups analysis)
-- From the PDF matches, analyzing home/away pairings per round to determine groups:
-- Rd1: PAT x M&M, BAIT x REDE, GAL x MANA, ELO x SILV, RAK x CASSIA, WIT x CEP
-- Rd2: CEP x ELO, CASSIA x GAL, REDE x WIT, M&M x RAK, SILV x BAIT, MANA x PAT
-- Rd3: MANA x M&M, SILV x REDE, PAT x CASSIA, BAIT x CEP, GAL x RAK, ELO x WIT
-- Rd4: WIT x BAIT, RAK x PAT, CEP x SILV, CASSIA x MANA, ELO x REDE, GAL x M&M
-- Rd5: MANA x RAK, SILV x WIT, PAT x GAL, BAIT x ELO, M&M x CASSIA, REDE x CEP
-- Each team plays every other team once (11 opponents over 5 rounds with 6 matches each = each plays 5)
-- This is a single-group round-robin but the PDF doesn't show explicit groups
-- However from the knockout structure (3rd GA x 6th GA, etc.) there ARE groups
-- Let me assign groups based on the round-robin structure: all 12 play each other -> 2 groups of 6

INSERT INTO teams (id, tournament_id, sponsor_id, name, short_name, group_name, logo_url, primary_color) VALUES
  ('t1000000-0000-0000-0000-000000000001', 'b1000000-0000-0000-0000-000000000001', 's1000000-0000-0000-0000-000000000008', 'Patagonia Capital', 'PAT', 'A', '/logos/patagonia-capital.png', '#2c2c2c'),
  ('t1000000-0000-0000-0000-000000000002', 'b1000000-0000-0000-0000-000000000001', 's1000000-0000-0000-0000-000000000001', 'Bait', 'BAI', 'A', '/logos/bait.png', '#1a1a1a'),
  ('t1000000-0000-0000-0000-000000000003', 'b1000000-0000-0000-0000-000000000001', 's1000000-0000-0000-0000-000000000005', 'Galleria Bank', 'GAL', 'A', '/logos/galleria-bank.png', '#4caf50'),
  ('t1000000-0000-0000-0000-000000000004', 'b1000000-0000-0000-0000-000000000001', 's1000000-0000-0000-0000-000000000004', 'Elofort', 'ELO', 'A', '/logos/elofort.png', '#1a3a4a'),
  ('t1000000-0000-0000-0000-000000000005', 'b1000000-0000-0000-0000-000000000001', 's1000000-0000-0000-0000-000000000011', 'Silveira Contabilidade', 'SIL', 'A', '/logos/silveira-contabilidade.png', '#1a237e'),
  ('t1000000-0000-0000-0000-000000000006', 'b1000000-0000-0000-0000-000000000001', 's1000000-0000-0000-0000-000000000006', 'Mana Poke', 'MAN', 'A', '/logos/mana-poke.png', '#d32f2f'),
  ('t1000000-0000-0000-0000-000000000007', 'b1000000-0000-0000-0000-000000000001', 's1000000-0000-0000-0000-000000000007', 'M&M Contabil', 'M&M', 'B', '/logos/mm-contabil.png', '#c62828'),
  ('t1000000-0000-0000-0000-000000000008', 'b1000000-0000-0000-0000-000000000001', 's1000000-0000-0000-0000-000000000010', 'Rede Castelo', 'RED', 'B', '/logos/rede-castelo.png', '#1565c0'),
  ('t1000000-0000-0000-0000-000000000009', 'b1000000-0000-0000-0000-000000000001', 's1000000-0000-0000-0000-000000000012', 'WIT', 'WIT', 'B', '/logos/wit.png', '#212121'),
  ('t1000000-0000-0000-0000-000000000010', 'b1000000-0000-0000-0000-000000000001', 's1000000-0000-0000-0000-000000000009', 'Rak Logistics', 'RAK', 'B', '/logos/rak-logistics.png', '#0d47a1'),
  ('t1000000-0000-0000-0000-000000000011', 'b1000000-0000-0000-0000-000000000001', 's1000000-0000-0000-0000-000000000002', 'Cassia Adala', 'CAS', 'B', '/logos/cassia-adala.png', '#37474f'),
  ('t1000000-0000-0000-0000-000000000012', 'b1000000-0000-0000-0000-000000000001', 's1000000-0000-0000-0000-000000000003', 'Cepromm', 'CEP', 'B', '/logos/cepromm.png', '#7b1fa2');

-- Stages
INSERT INTO stages (id, tournament_id, name, slug, order_num, type) VALUES
  ('g1000000-0000-0000-0000-000000000001', 'b1000000-0000-0000-0000-000000000001', 'Fase de Grupos', 'fase-de-grupos', 1, 'group'),
  ('g1000000-0000-0000-0000-000000000002', 'b1000000-0000-0000-0000-000000000001', 'Repescagem', 'repescagem', 2, 'knockout'),
  ('g1000000-0000-0000-0000-000000000003', 'b1000000-0000-0000-0000-000000000001', 'Quartas de Final', 'quartas-de-final', 3, 'knockout'),
  ('g1000000-0000-0000-0000-000000000004', 'b1000000-0000-0000-0000-000000000001', 'Semifinal', 'semifinal', 4, 'knockout'),
  ('g1000000-0000-0000-0000-000000000005', 'b1000000-0000-0000-0000-000000000001', 'Final', 'final', 5, 'knockout');

-- Rounds (group stage - 5 rounds)
INSERT INTO rounds (id, stage_id, tournament_id, round_number, date, name) VALUES
  ('r1000000-0000-0000-0000-000000000001', 'g1000000-0000-0000-0000-000000000001', 'b1000000-0000-0000-0000-000000000001', 1, '2026-03-15', '1a Rodada'),
  ('r1000000-0000-0000-0000-000000000002', 'g1000000-0000-0000-0000-000000000001', 'b1000000-0000-0000-0000-000000000001', 2, '2026-03-22', '2a Rodada'),
  ('r1000000-0000-0000-0000-000000000003', 'g1000000-0000-0000-0000-000000000001', 'b1000000-0000-0000-0000-000000000001', 3, '2026-03-29', '3a Rodada'),
  ('r1000000-0000-0000-0000-000000000004', 'g1000000-0000-0000-0000-000000000001', 'b1000000-0000-0000-0000-000000000001', 4, '2026-04-12', '4a Rodada'),
  ('r1000000-0000-0000-0000-000000000005', 'g1000000-0000-0000-0000-000000000001', 'b1000000-0000-0000-0000-000000000001', 5, '2026-04-26', '5a Rodada'),
  ('r1000000-0000-0000-0000-000000000006', 'g1000000-0000-0000-0000-000000000002', 'b1000000-0000-0000-0000-000000000001', 6, '2026-05-17', 'Repescagem'),
  ('r1000000-0000-0000-0000-000000000007', 'g1000000-0000-0000-0000-000000000003', 'b1000000-0000-0000-0000-000000000001', 7, '2026-05-24', 'Quartas de Final'),
  ('r1000000-0000-0000-0000-000000000008', 'g1000000-0000-0000-0000-000000000004', 'b1000000-0000-0000-0000-000000000001', 8, '2026-05-31', 'Semifinal'),
  ('r1000000-0000-0000-0000-000000000009', 'g1000000-0000-0000-0000-000000000005', 'b1000000-0000-0000-0000-000000000001', 9, '2026-06-13', 'Final');

-- Group Stage Matches (from PDF)
-- Round 1 - 15/mar
INSERT INTO matches (id, round_id, tournament_id, home_team_id, away_team_id, field_number, match_time, match_date, status, stage_id) VALUES
  ('m1000000-0000-0000-0000-000000000001', 'r1000000-0000-0000-0000-000000000001', 'b1000000-0000-0000-0000-000000000001', 't1000000-0000-0000-0000-000000000001', 't1000000-0000-0000-0000-000000000007', 1, '07:20', '2026-03-15', 'scheduled', 'g1000000-0000-0000-0000-000000000001'),
  ('m1000000-0000-0000-0000-000000000002', 'r1000000-0000-0000-0000-000000000001', 'b1000000-0000-0000-0000-000000000001', 't1000000-0000-0000-0000-000000000002', 't1000000-0000-0000-0000-000000000008', 2, '07:20', '2026-03-15', 'scheduled', 'g1000000-0000-0000-0000-000000000001'),
  ('m1000000-0000-0000-0000-000000000003', 'r1000000-0000-0000-0000-000000000001', 'b1000000-0000-0000-0000-000000000001', 't1000000-0000-0000-0000-000000000003', 't1000000-0000-0000-0000-000000000006', 1, '09:00', '2026-03-15', 'scheduled', 'g1000000-0000-0000-0000-000000000001'),
  ('m1000000-0000-0000-0000-000000000004', 'r1000000-0000-0000-0000-000000000001', 'b1000000-0000-0000-0000-000000000001', 't1000000-0000-0000-0000-000000000004', 't1000000-0000-0000-0000-000000000005', 2, '09:00', '2026-03-15', 'scheduled', 'g1000000-0000-0000-0000-000000000001'),
  ('m1000000-0000-0000-0000-000000000005', 'r1000000-0000-0000-0000-000000000001', 'b1000000-0000-0000-0000-000000000001', 't1000000-0000-0000-0000-000000000010', 't1000000-0000-0000-0000-000000000011', 1, '10:20', '2026-03-15', 'scheduled', 'g1000000-0000-0000-0000-000000000001'),
  ('m1000000-0000-0000-0000-000000000006', 'r1000000-0000-0000-0000-000000000001', 'b1000000-0000-0000-0000-000000000001', 't1000000-0000-0000-0000-000000000009', 't1000000-0000-0000-0000-000000000012', 2, '10:20', '2026-03-15', 'scheduled', 'g1000000-0000-0000-0000-000000000001'),
-- Round 2 - 22/mar
  ('m1000000-0000-0000-0000-000000000007', 'r1000000-0000-0000-0000-000000000002', 'b1000000-0000-0000-0000-000000000001', 't1000000-0000-0000-0000-000000000012', 't1000000-0000-0000-0000-000000000004', 1, '07:20', '2026-03-22', 'scheduled', 'g1000000-0000-0000-0000-000000000001'),
  ('m1000000-0000-0000-0000-000000000008', 'r1000000-0000-0000-0000-000000000002', 'b1000000-0000-0000-0000-000000000001', 't1000000-0000-0000-0000-000000000011', 't1000000-0000-0000-0000-000000000003', 2, '07:20', '2026-03-22', 'scheduled', 'g1000000-0000-0000-0000-000000000001'),
  ('m1000000-0000-0000-0000-000000000009', 'r1000000-0000-0000-0000-000000000002', 'b1000000-0000-0000-0000-000000000001', 't1000000-0000-0000-0000-000000000008', 't1000000-0000-0000-0000-000000000009', 1, '09:00', '2026-03-22', 'scheduled', 'g1000000-0000-0000-0000-000000000001'),
  ('m1000000-0000-0000-0000-000000000010', 'r1000000-0000-0000-0000-000000000002', 'b1000000-0000-0000-0000-000000000001', 't1000000-0000-0000-0000-000000000007', 't1000000-0000-0000-0000-000000000010', 2, '09:00', '2026-03-22', 'scheduled', 'g1000000-0000-0000-0000-000000000001'),
  ('m1000000-0000-0000-0000-000000000011', 'r1000000-0000-0000-0000-000000000002', 'b1000000-0000-0000-0000-000000000001', 't1000000-0000-0000-0000-000000000005', 't1000000-0000-0000-0000-000000000002', 1, '10:20', '2026-03-22', 'scheduled', 'g1000000-0000-0000-0000-000000000001'),
  ('m1000000-0000-0000-0000-000000000012', 'r1000000-0000-0000-0000-000000000002', 'b1000000-0000-0000-0000-000000000001', 't1000000-0000-0000-0000-000000000006', 't1000000-0000-0000-0000-000000000001', 2, '10:20', '2026-03-22', 'scheduled', 'g1000000-0000-0000-0000-000000000001'),
-- Round 3 - 29/mar
  ('m1000000-0000-0000-0000-000000000013', 'r1000000-0000-0000-0000-000000000003', 'b1000000-0000-0000-0000-000000000001', 't1000000-0000-0000-0000-000000000006', 't1000000-0000-0000-0000-000000000007', 1, '07:20', '2026-03-29', 'scheduled', 'g1000000-0000-0000-0000-000000000001'),
  ('m1000000-0000-0000-0000-000000000014', 'r1000000-0000-0000-0000-000000000003', 'b1000000-0000-0000-0000-000000000001', 't1000000-0000-0000-0000-000000000005', 't1000000-0000-0000-0000-000000000008', 2, '07:20', '2026-03-29', 'scheduled', 'g1000000-0000-0000-0000-000000000001'),
  ('m1000000-0000-0000-0000-000000000015', 'r1000000-0000-0000-0000-000000000003', 'b1000000-0000-0000-0000-000000000001', 't1000000-0000-0000-0000-000000000001', 't1000000-0000-0000-0000-000000000011', 1, '09:00', '2026-03-29', 'scheduled', 'g1000000-0000-0000-0000-000000000001'),
  ('m1000000-0000-0000-0000-000000000016', 'r1000000-0000-0000-0000-000000000003', 'b1000000-0000-0000-0000-000000000001', 't1000000-0000-0000-0000-000000000002', 't1000000-0000-0000-0000-000000000012', 2, '09:00', '2026-03-29', 'scheduled', 'g1000000-0000-0000-0000-000000000001'),
  ('m1000000-0000-0000-0000-000000000017', 'r1000000-0000-0000-0000-000000000003', 'b1000000-0000-0000-0000-000000000001', 't1000000-0000-0000-0000-000000000003', 't1000000-0000-0000-0000-000000000010', 1, '10:20', '2026-03-29', 'scheduled', 'g1000000-0000-0000-0000-000000000001'),
  ('m1000000-0000-0000-0000-000000000018', 'r1000000-0000-0000-0000-000000000003', 'b1000000-0000-0000-0000-000000000001', 't1000000-0000-0000-0000-000000000004', 't1000000-0000-0000-0000-000000000009', 2, '10:20', '2026-03-29', 'scheduled', 'g1000000-0000-0000-0000-000000000001'),
-- Round 4 - 12/abr
  ('m1000000-0000-0000-0000-000000000019', 'r1000000-0000-0000-0000-000000000004', 'b1000000-0000-0000-0000-000000000001', 't1000000-0000-0000-0000-000000000009', 't1000000-0000-0000-0000-000000000002', 1, '07:20', '2026-04-12', 'scheduled', 'g1000000-0000-0000-0000-000000000001'),
  ('m1000000-0000-0000-0000-000000000020', 'r1000000-0000-0000-0000-000000000004', 'b1000000-0000-0000-0000-000000000001', 't1000000-0000-0000-0000-000000000010', 't1000000-0000-0000-0000-000000000001', 2, '07:20', '2026-04-12', 'scheduled', 'g1000000-0000-0000-0000-000000000001'),
  ('m1000000-0000-0000-0000-000000000021', 'r1000000-0000-0000-0000-000000000004', 'b1000000-0000-0000-0000-000000000001', 't1000000-0000-0000-0000-000000000012', 't1000000-0000-0000-0000-000000000005', 1, '09:00', '2026-04-12', 'scheduled', 'g1000000-0000-0000-0000-000000000001'),
  ('m1000000-0000-0000-0000-000000000022', 'r1000000-0000-0000-0000-000000000004', 'b1000000-0000-0000-0000-000000000001', 't1000000-0000-0000-0000-000000000011', 't1000000-0000-0000-0000-000000000006', 2, '09:00', '2026-04-12', 'scheduled', 'g1000000-0000-0000-0000-000000000001'),
  ('m1000000-0000-0000-0000-000000000023', 'r1000000-0000-0000-0000-000000000004', 'b1000000-0000-0000-0000-000000000001', 't1000000-0000-0000-0000-000000000004', 't1000000-0000-0000-0000-000000000008', 1, '10:20', '2026-04-12', 'scheduled', 'g1000000-0000-0000-0000-000000000001'),
  ('m1000000-0000-0000-0000-000000000024', 'r1000000-0000-0000-0000-000000000004', 'b1000000-0000-0000-0000-000000000001', 't1000000-0000-0000-0000-000000000003', 't1000000-0000-0000-0000-000000000007', 2, '10:20', '2026-04-12', 'scheduled', 'g1000000-0000-0000-0000-000000000001'),
-- Round 5 - 26/abr
  ('m1000000-0000-0000-0000-000000000025', 'r1000000-0000-0000-0000-000000000005', 'b1000000-0000-0000-0000-000000000001', 't1000000-0000-0000-0000-000000000006', 't1000000-0000-0000-0000-000000000010', 1, '07:20', '2026-04-26', 'scheduled', 'g1000000-0000-0000-0000-000000000001'),
  ('m1000000-0000-0000-0000-000000000026', 'r1000000-0000-0000-0000-000000000005', 'b1000000-0000-0000-0000-000000000001', 't1000000-0000-0000-0000-000000000005', 't1000000-0000-0000-0000-000000000009', 2, '07:20', '2026-04-26', 'scheduled', 'g1000000-0000-0000-0000-000000000001'),
  ('m1000000-0000-0000-0000-000000000027', 'r1000000-0000-0000-0000-000000000005', 'b1000000-0000-0000-0000-000000000001', 't1000000-0000-0000-0000-000000000001', 't1000000-0000-0000-0000-000000000003', 1, '09:00', '2026-04-26', 'scheduled', 'g1000000-0000-0000-0000-000000000001'),
  ('m1000000-0000-0000-0000-000000000028', 'r1000000-0000-0000-0000-000000000005', 'b1000000-0000-0000-0000-000000000001', 't1000000-0000-0000-0000-000000000002', 't1000000-0000-0000-0000-000000000004', 2, '09:00', '2026-04-26', 'scheduled', 'g1000000-0000-0000-0000-000000000001'),
  ('m1000000-0000-0000-0000-000000000029', 'r1000000-0000-0000-0000-000000000005', 'b1000000-0000-0000-0000-000000000001', 't1000000-0000-0000-0000-000000000007', 't1000000-0000-0000-0000-000000000011', 1, '10:20', '2026-04-26', 'scheduled', 'g1000000-0000-0000-0000-000000000001'),
  ('m1000000-0000-0000-0000-000000000030', 'r1000000-0000-0000-0000-000000000005', 'b1000000-0000-0000-0000-000000000001', 't1000000-0000-0000-0000-000000000008', 't1000000-0000-0000-0000-000000000012', 2, '10:20', '2026-04-26', 'scheduled', 'g1000000-0000-0000-0000-000000000001');
